{"walk_start_time": 1678508272.7815557, "walk_end_time": 1678508277.115382, "optim_start_time": 1678508277.1153884, "optim_end_time": 1678508475.5983768}